{
  "codewordGeneration" : {
    "bestSecondsForThroughput" : 8.299999171867967e-05,
    "elementsPerSecond" : 197397610.05678123,
    "gpuSeconds" : {
      "max" : 8.337502367794514e-05,
      "mean" : 8.329166448675095e-05,
      "median" : 8.337499457411468e-05,
      "min" : 8.299999171867967e-05,
      "samples" : [
        8.337499457411468e-05,
        8.337502367794514e-05,
        8.299999171867967e-05,
        8.337499457411468e-05,
        8.333331788890064e-05
      ]
    },
    "inputBytesPerSecond" : 3947904008.3597317,
    "wallSeconds" : {
      "max" : 0.000319708,
      "mean" : 0.000305083,
      "median" : 0.000301875,
      "min" : 0.000295333,
      "samples" : [
        0.000311583,
        0.000301875,
        0.000296916,
        0.000295333,
        0.000319708
      ]
    }
  },
  "configuration" : {
    "codewordCommitmentSchedule" : "final-fft-stage-leaf-hash-then-commit",
    "codewordElementCount" : 16384,
    "codewordEngine" : "circle-fft-butterfly-v1",
    "coefficientInput" : "resident-circle-fft-basis-buffer",
    "domainLogSize" : 14,
    "fftTwiddleCount" : 16383,
    "finalLayerElementCount" : 2048,
    "iterations" : 5,
    "queryCount" : 4,
    "roundCount" : 3,
    "storageOrder" : "circle-domain-bit-reversed",
    "usesFusedTiledCodewordCommitment" : true,
    "verifyWithCPU" : true,
    "warmupIterations" : 1,
    "xCoefficientCount" : 8,
    "yCoefficientCount" : 7
  },
  "device" : {
    "hasUnifiedMemory" : true,
    "maxThreadgroupMemoryLength" : 32768,
    "maxThreadsPerThreadgroup" : 1024,
    "name" : "Apple M4",
    "registryID" : 4294968275,
    "supports64BitAtomics" : true,
    "supportsApple3" : true,
    "supportsApple4" : true,
    "supportsApple7" : true,
    "supportsApple9" : true,
    "supportsBinaryArchives" : true,
    "supportsNonuniformThreadgroups" : true,
    "supportsSIMDReductions" : true
  },
  "fullProver" : {
    "bestSecondsForThroughput" : 0.02342495837365277,
    "elementsPerSecond" : 42.68951022447708,
    "gpuSeconds" : {
      "max" : 0.025669208233011886,
      "mean" : 0.0241005749325268,
      "median" : 0.023725499922875315,
      "min" : 0.02342495837365277,
      "samples" : [
        0.02407333321752958,
        0.02342495837365277,
        0.023725499922875315,
        0.025669208233011886,
        0.023609874915564433
      ]
    },
    "inputBytesPerSecond" : 15860006.838597726,
    "wallSeconds" : {
      "max" : 0.041792625,
      "mean" : 0.039747825,
      "median" : 0.039586625,
      "min" : 0.038092125,
      "samples" : [
        0.038092125,
        0.041792625,
        0.039586625,
        0.039581542,
        0.039686208
      ]
    }
  },
  "generatedAt" : "2026-04-14T18:18:10.785Z",
  "pipelineArchive" : {
    "enabled" : false,
    "mode" : "disabled"
  },
  "proofEmission" : {
    "bestSecondsForThroughput" : 0.020261375000700355,
    "elementsPerSecond" : 49.354991947260935,
    "gpuSeconds" : {
      "max" : 0.025250333274016157,
      "mean" : 0.02264094999409281,
      "median" : 0.022518125013448298,
      "min" : 0.020261375000700355,
      "samples" : [
        0.020261375000700355,
        0.022518125013448298,
        0.022761916683521122,
        0.022412999998778105,
        0.025250333274016157
      ]
    },
    "inputBytesPerSecond" : 2163920.2669357085,
    "wallSeconds" : {
      "max" : 0.039743834,
      "mean" : 0.038347683400000006,
      "median" : 0.03918375,
      "min" : 0.035021333,
      "samples" : [
        0.035021333,
        0.038333958,
        0.039455542,
        0.03918375,
        0.039743834
      ]
    }
  },
  "proofSizeBytes" : 43844,
  "readbackPolicy" : {
    "fullCodewordReadback" : false,
    "intermediateFRILayerReadback" : false,
    "publicProofMaterialOnly" : true,
    "publicReadbacks" : [
      "merkle-commitments",
      "final-layer",
      "queried-leaves",
      "merkle-sibling-paths",
      "proof-bytes"
    ]
  },
  "schemaVersion" : 4,
  "target" : "metal",
  "verification" : {
    "codewordDigestHex" : "0a4ff8f860f6e64dd54aa2261d8cbc4d929c6e7c7c124f30b3531772997b58be",
    "codewordDigestSource" : "cpu-oracle-no-gpu-codeword-readback",
    "cpuCodewordDigestHex" : "0a4ff8f860f6e64dd54aa2261d8cbc4d929c6e7c7c124f30b3531772997b58be",
    "cpuProofDigestHex" : "80e8b093680f5662b57aed2ede38d82f8e6e5eb906a7c046198c603203aa5569",
    "enabled" : true,
    "matchedCPU" : true,
    "proofDigestHex" : "80e8b093680f5662b57aed2ede38d82f8e6e5eb906a7c046198c603203aa5569",
    "verifierAccepted" : true
  }
}
