{
  "codewordGeneration" : {
    "bestSecondsForThroughput" : 0.00015062501188367605,
    "elementsPerSecond" : 108773435.40163805,
    "gpuSeconds" : {
      "max" : 0.00016858334129210562,
      "mean" : 0.00015881667204666882,
      "median" : 0.0001584999990882352,
      "min" : 0.00015062501188367605,
      "samples" : [
        0.0001584999990882352,
        0.0001597500086063519,
        0.00016858334129210562,
        0.00015662499936297536,
        0.00015062501188367605
      ]
    },
    "inputBytesPerSecond" : 2175442152.0182586,
    "wallSeconds" : {
      "max" : 0.000864,
      "mean" : 0.0007182915999999999,
      "median" : 0.000747916,
      "min" : 0.000494667,
      "samples" : [
        0.000775125,
        0.00070975,
        0.000747916,
        0.000864,
        0.000494667
      ]
    }
  },
  "configuration" : {
    "codewordElementCount" : 16384,
    "codewordEngine" : "circle-fft-butterfly-v1",
    "coefficientInput" : "resident-circle-fft-basis-buffer",
    "domainLogSize" : 14,
    "fftTwiddleCount" : 16383,
    "finalLayerElementCount" : 2048,
    "iterations" : 5,
    "queryCount" : 4,
    "roundCount" : 3,
    "storageOrder" : "circle-domain-bit-reversed",
    "verifyWithCPU" : true,
    "warmupIterations" : 1,
    "xCoefficientCount" : 8,
    "yCoefficientCount" : 7
  },
  "device" : {
    "hasUnifiedMemory" : true,
    "maxThreadgroupMemoryLength" : 32768,
    "maxThreadsPerThreadgroup" : 1024,
    "name" : "Apple M4",
    "registryID" : 4294968275,
    "supports64BitAtomics" : true,
    "supportsApple3" : true,
    "supportsApple4" : true,
    "supportsApple7" : true,
    "supportsApple9" : true,
    "supportsBinaryArchives" : true,
    "supportsNonuniformThreadgroups" : true,
    "supportsSIMDReductions" : true
  },
  "fullProver" : {
    "bestSecondsForThroughput" : 0.007956333342008293,
    "elementsPerSecond" : 125.68603614433098,
    "gpuSeconds" : {
      "max" : 0.008992833332740702,
      "mean" : 0.008390533324563876,
      "median" : 0.008351291646249592,
      "min" : 0.007956333342008293,
      "samples" : [
        0.007956333342008293,
        0.008992833332740702,
        0.008351291646249592,
        0.008224083270761184,
        0.008428125031059608
      ]
    },
    "inputBytesPerSecond" : 46694876.14834185,
    "wallSeconds" : {
      "max" : 0.019687125,
      "mean" : 0.019113775,
      "median" : 0.019310333,
      "min" : 0.018175292,
      "samples" : [
        0.018175292,
        0.019687125,
        0.019310333,
        0.018713458,
        0.019682667
      ]
    }
  },
  "generatedAt" : "2026-04-14T11:35:37.393Z",
  "pipelineArchive" : {
    "enabled" : false,
    "mode" : "disabled"
  },
  "proofEmission" : {
    "bestSecondsForThroughput" : 0.008024416703847237,
    "elementsPerSecond" : 124.61964986446412,
    "gpuSeconds" : {
      "max" : 0.008452041627606377,
      "mean" : 0.008216516685206444,
      "median" : 0.008213833381887525,
      "min" : 0.008024416703847237,
      "samples" : [
        0.008170875022187829,
        0.008452041627606377,
        0.008024416703847237,
        0.008213833381887525,
        0.008221416690503247
      ]
    },
    "inputBytesPerSecond" : 5463823.928657565,
    "wallSeconds" : {
      "max" : 0.021127583,
      "mean" : 0.0195300084,
      "median" : 0.01879825,
      "min" : 0.018615292,
      "samples" : [
        0.021127583,
        0.0203185,
        0.01879825,
        0.018790417,
        0.018615292
      ]
    }
  },
  "proofSizeBytes" : 43844,
  "readbackPolicy" : {
    "fullCodewordReadback" : false,
    "intermediateFRILayerReadback" : false,
    "publicProofMaterialOnly" : true,
    "publicReadbacks" : [
      "merkle-commitments",
      "final-layer",
      "queried-leaves",
      "merkle-sibling-paths",
      "proof-bytes"
    ]
  },
  "schemaVersion" : 3,
  "target" : "metal",
  "verification" : {
    "codewordDigestHex" : "0a4ff8f860f6e64dd54aa2261d8cbc4d929c6e7c7c124f30b3531772997b58be",
    "codewordDigestSource" : "cpu-oracle-no-gpu-codeword-readback",
    "cpuCodewordDigestHex" : "0a4ff8f860f6e64dd54aa2261d8cbc4d929c6e7c7c124f30b3531772997b58be",
    "cpuProofDigestHex" : "80e8b093680f5662b57aed2ede38d82f8e6e5eb906a7c046198c603203aa5569",
    "enabled" : true,
    "matchedCPU" : true,
    "proofDigestHex" : "80e8b093680f5662b57aed2ede38d82f8e6e5eb906a7c046198c603203aa5569",
    "verifierAccepted" : true
  }
}
